"name","dob","gender","phone","address","email","password","employee_id","branch_id","department_id","designation_id","company_doj","account_holder_name","account_number","bank_name","bank_identifier_code","branch_location","tax_payer_id"
"Tamekah Wolfe","2021-11-29","Female","86","Blanditiis sunt cul","pijuh@mailinator.com",1234,"1",1,1,1,"2021-11-29","Dean Doyle","400","Brady Workman",123456,"surat",123456
"Patrick Cleveland","2021-11-29","Female","83","Doloribus dolor dolo","sasajawuhu@mailinator.com",1234,"2",1,1,1,"2021-11-29","Madonna Ortega","560","Belle Mcmahon",123456,"surat",123456
"Colton Benjamin","2021-11-29","Female","5","Minima quia providen","roze@mailinator.com",1234,"3",1,1,1,"2021-11-29","Halla Hunter","812","Jarrod Davis",123456,"surat",123456
"Brent Kerr","2021-11-29","Female","8","Expedita libero proi","zemonewixi@mailinator.com",1234,"4",1,1,1,"2021-11-29","Camilla Mckenzie","214","Ori Gilmore",123456,"surat",123456
"Ramona Conway","2021-11-29","Male","46","Dolorum adipisicing","zomyc1@mailinator.com",1234,"5",1,1,1,"2021-11-29","Karleigh Reyes","184","Jarrod Gardner",123456,"surat",123456
